[
  {
    "id": 1,
    "type": "report",
    "boss": "ZQ",
    "player": "QQ",
    "orderType": "13",
    "duration": "2",
    "amount": 33,
    "date": "2025/12/2 05:29:22",
    "source": "reportForm"
  },
  {
    "id": 2,
    "type": "gift",
    "giver": "ZQ",
    "receiver": "ww",
    "gift": "20",
    "amount": 23,
    "date": "2025/12/2 05:30:51",
    "source": "giftReportForm"
  },
  {
    "id": 3,
    "type": "report",
    "boss": "123",
    "player": "123",
    "orderType": "12",
    "duration": "3123",
    "amount": 132,
    "date": "2025/12/2 05:32:46",
    "source": "reportForm"
  },
  {
    "id": 4,
    "type": "report",
    "boss": "123",
    "player": "12",
    "orderType": "3123",
    "duration": "123",
    "amount": 123,
    "date": "2025/12/2 05:36:20",
    "source": "reportForm"
  },
  {
    "assigner": "wenxte22",
    "customer": "554982024163622932",
    "player": "123",
    "game": "13",
    "duration": "123",
    "price": 123,
    "orderNo": "PO-20251201-9812",
    "date": "2025/12/2 05:42:23",
    "source_channel": "ticket-wenxte22"
  },
  {
    "id": 6,
    "type": "gift",
    "giver": "zq",
    "receiver": "zq",
    "gift": "zq",
    "amount": 0,
    "date": "2025/12/2 05:44:09",
    "source": "giftReportForm"
  }
]